,model,environment,best_score,best_solution,n_iterations,record,seed,test
0,abcd,Acrobot-v1,744,"[ 4.48016851  0.82346802  6.52382052 ... -8.25773595  1.39450324
 -0.52080703]",27,[1385. 1254. 1254. ...    0.    0.    0.],0,10165
1,abcd,Acrobot-v1,750,"[ 1.42398118 -0.30462148  3.42724788 ... -2.18257786 -2.00915604
  5.47968105]",45,[1380. 1380. 1116. ...    0.    0.    0.],1,9006
2,abcd,Acrobot-v1,726,"[-2.87873043  3.98826411 -0.52153011 ...  2.39792527  0.80260379
 -6.12168753]",48,[1406. 1228. 1070. ...    0.    0.    0.],2,9428
3,abcd,Acrobot-v1,743,"[-0.34348362  0.40864169 -1.43107293 ...  1.16976684 -2.72712336
 -6.06710521]",37,[1474. 1121. 1106. ...    0.    0.    0.],3,9251
4,abcd,Acrobot-v1,743,"[-11.27506305  -0.86940244   5.45080431 ...  -0.33941731   5.65050292
  -4.42862415]",30,[1232. 1232. 1232. ...    0.    0.    0.],4,8767
5,abcd,Acrobot-v1,747,"[ 3.5478361   1.8025678  -4.00377871 ...  2.20146062  1.50762997
 -3.28605094]",24,[1262. 1161. 1058. ...    0.    0.    0.],5,9523
6,abcd,Acrobot-v1,747,[3.50530785 3.89842633 6.2557877  ... 2.76855375 3.91799693 1.61124196],31,[1155. 1155. 1155. ...    0.    0.    0.],6,9408
7,abcd,Acrobot-v1,745,"[ 3.94898508  2.18982056  6.53565583 ... -2.86714791  1.82823661
  5.10091908]",47,[1508. 1508. 1283. ...    0.    0.    0.],7,8864
8,abcd,Acrobot-v1,749,"[-2.52978238  3.13174709 -0.64000164 ... -0.72203881 -7.26021193
  3.08900337]",38,[1323. 1323. 1192. ...    0.    0.    0.],8,8845
9,abcd,Acrobot-v1,741,"[-2.90346266  6.85835775 -4.27195644 ... -2.82432772 -1.96013582
 -3.49980217]",38,[1449. 1241. 1241. ...    0.    0.    0.],9,9711
10,abcd,Acrobot-v1,743,"[ 1.71469261 -0.54392608  1.75891266 ... -8.25284017 -1.25935977
  1.1184446 ]",47,[1175. 1175. 1175. ...    0.    0.    0.],10,10379
11,abcd,Acrobot-v1,739,"[ 2.39413441  0.65760634 -1.34712859 ...  0.33192307 -2.82230717
 -3.28835388]",243,[1160. 1160. 1160. ...    0.    0.    0.],11,9769
12,abcd,Acrobot-v1,725,"[ 4.23405267  0.34972074 -1.66741274 ... -3.30368368 -1.9632559
 -2.91739087]",25,[1290. 1100. 1063. ...    0.    0.    0.],12,9795
13,abcd,Acrobot-v1,722,"[-1.59221065  4.15853205 -0.87869944 ...  1.02757089  1.15272224
  2.32539388]",35,[1118. 1085.  988. ...    0.    0.    0.],13,10585
14,abcd,Acrobot-v1,748,"[-3.05962737 -2.80692749  1.49728851 ... -5.09645956 -5.03947338
 -4.46153865]",30,[1190. 1190. 1190. ...    0.    0.    0.],14,8435
15,abcd,Acrobot-v1,744,"[-4.19481188  1.22436368 -0.05220786 ...  1.99985922  1.77798175
 -3.66487303]",59,[1230. 1230. 1230. ...    0.    0.    0.],15,10003
16,abcd,Acrobot-v1,737,"[ 3.59657279  0.80280005 -2.15986057 ... -2.28039205  1.81098141
  6.21966449]",77,[1358. 1358. 1215. ...    0.    0.    0.],16,9007
17,abcd,Acrobot-v1,740,"[ 2.90924211 -0.47752197 -4.87597184 ...  0.08594251 -3.55837
 -4.5695835 ]",43,[1572. 1027. 1027. ...    0.    0.    0.],17,9198
18,abcd,Acrobot-v1,733,"[ 5.97508228 -3.7149992   2.48696532 ...  6.01582461  0.71199177
  1.45677808]",48,[1365. 1233. 1233. ...    0.    0.    0.],18,8592
19,abcd,Acrobot-v1,709,"[-7.30288304  1.93335132 -2.59513585 ...  3.62709966 -2.9473
  6.96582988]",59,[1046. 1046. 1046. ...    0.    0.    0.],19,8291
20,abcd,Acrobot-v1,745,"[ 6.63530015  2.78776639 -3.26915591 ...  1.9881467   3.75174621
  2.55395141]",133,[1581. 1473. 1397. ...    0.    0.    0.],20,9279
21,abcd,Acrobot-v1,742,"[-0.63978141 -0.69194295 -3.45681032 ... -0.6534052   4.72977133
  1.20598178]",72,[1282. 1166. 1019. ...    0.    0.    0.],21,8999
22,abcd,Acrobot-v1,745,"[-3.64735694  1.69350845  2.7476902  ... -2.07311449 -2.3359944
 -1.05735125]",96,[1430. 1170. 1170. ...    0.    0.    0.],22,8864
23,abcd,Acrobot-v1,750,"[ 0.63989621  4.24604375 -2.59179596 ...  0.61314434 -4.25725509
 -3.07851832]",55,[1191. 1191. 1128. ...    0.    0.    0.],23,9925
24,abcd,Acrobot-v1,749,"[-3.81613702 -0.37243999  4.54068026 ... -1.59155958  1.42633996
  2.11513339]",30,[1469. 1172. 1172. ...    0.    0.    0.],24,9402
25,abcd,Acrobot-v1,743,"[-1.57546731  1.96915244 -3.60837049 ...  1.2074131   1.07742505
  2.62354061]",70,[1070. 1070. 1070. ...    0.    0.    0.],25,8784
26,abcd,Acrobot-v1,729,"[ 5.03162229  2.2045966  -0.70192352 ...  5.27582734 -2.22282516
 -0.14474348]",34,[1445. 1033. 1033. ...    0.    0.    0.],26,8975
27,abcd,Acrobot-v1,736,"[ 2.81720457  0.43541657  3.63086944 ...  3.02334544 -2.82001641
 -1.16413473]",53,[1499. 1286. 1088. ...    0.    0.    0.],27,10219
28,abcd,Acrobot-v1,733,"[ 4.84160086  5.13158882  2.79970821 ... -5.46443476  1.84271252
  4.83015781]",38,[1434. 1299. 1111. ...    0.    0.    0.],28,8884
29,abcd,Acrobot-v1,733,"[ 1.79457327 -3.09115581  4.12914451 ...  3.06294088 -4.81071891
  1.90057898]",8,[959. 859. 859. ...   0.   0.   0.],29,8816
30,neuromodulated_hb,Acrobot-v1,750,"[ 9.10530006  3.06180053  5.90264066 ... -3.91948654  0.69005957
 -1.5262752 ]",55,[1320. 1205. 1205. ...    0.    0.    0.],0,9455
31,neuromodulated_hb,Acrobot-v1,744,"[ 0.17044525  1.0134216   8.17122032 ... -2.6983712  -3.24883304
  4.68887074]",49,[1445. 1272.  998. ...    0.    0.    0.],1,8712
32,neuromodulated_hb,Acrobot-v1,740,"[ 4.24507535 -5.67596102  2.27448327 ... -0.51925075  3.81651984
 -1.44872364]",59,[1272. 1054. 1054. ...    0.    0.    0.],2,9746
33,neuromodulated_hb,Acrobot-v1,748,"[ 2.0140395   0.06991827 -1.08581141 ... -3.15736583 -0.80624442
 -0.99166162]",51,[1317. 1009. 1009. ...    0.    0.    0.],3,8813
34,neuromodulated_hb,Acrobot-v1,741,"[ 0.74357957  0.33153692 -1.86538972 ...  0.85555185  2.77590805
  1.65441397]",40,[1215. 1215. 1211. ...    0.    0.    0.],4,9027
35,neuromodulated_hb,Acrobot-v1,749,"[ 4.93038103  3.57440534 -1.69746775 ...  1.99062941  1.87644185
 -1.53014987]",24,[1340. 1261. 1074. ...    0.    0.    0.],5,9237
36,neuromodulated_hb,Acrobot-v1,747,"[ 2.2069759   0.82053028  4.1260955  ... 10.20075266  2.49558958
  3.01550725]",31,[1362. 1362. 1231. ...    0.    0.    0.],6,8767
37,neuromodulated_hb,Acrobot-v1,744,"[ 0.95329073 -5.4776617  -2.24771283 ...  2.3294513  -3.01001819
  0.22459477]",48,[1422. 1422. 1381. ...    0.    0.    0.],7,8961
38,neuromodulated_hb,Acrobot-v1,732,"[-5.21373151  2.81276033  2.46654219 ...  4.16620087 -0.25239254
  2.18407533]",27,[1228. 1228. 1228. ...    0.    0.    0.],8,8456
39,neuromodulated_hb,Acrobot-v1,748,"[ 9.85922149 -0.06957876 -1.45748328 ... -0.39346186 -3.38098347
 -3.89676107]",85,[1438. 1287. 1276. ...    0.    0.    0.],9,9398
40,neuromodulated_hb,Acrobot-v1,728,"[ 0.91246277 -4.16324295  3.73415584 ... -2.71498183 -3.31893338
  2.26949692]",25,[1164. 1164.  926. ...    0.    0.    0.],10,8974
41,neuromodulated_hb,Acrobot-v1,748,"[ 2.98266474  3.25039355  1.55455446 ...  3.36479573 -1.0153317
  0.8465361 ]",19,[1204. 1204. 1194. ...    0.    0.    0.],11,9754
42,neuromodulated_hb,Acrobot-v1,744,"[ -1.37379628  -4.20195373   3.76696789 ...   3.95295435  -2.74174704
 -18.78123392]",62,[1331. 1265.  988. ...    0.    0.    0.],12,8519
43,neuromodulated_hb,Acrobot-v1,735,"[ 0.28063972  3.66373683 -2.05620907 ... -0.3852871   1.30681528
  2.74348934]",24,[1115. 1115. 1115. ...    0.    0.    0.],13,8629
44,neuromodulated_hb,Acrobot-v1,747,"[ 0.73241479  0.78508379  0.52339375 ... -4.29008392  2.96965095
  1.99495612]",179,[1164. 1164. 1164. ...    0.    0.    0.],14,9103
45,neuromodulated_hb,Acrobot-v1,750,"[ 5.09558055 -0.68151392  5.33582916 ... -0.19924744  2.90207969
 -7.34877863]",102,[1174. 1174. 1174. ...    0.    0.    0.],15,9070
46,neuromodulated_hb,Acrobot-v1,740,"[ 3.5423006  -1.64056041 -5.25911285 ...  3.63168099 -4.61124928
  2.99487339]",32,[1572. 1508. 1242. ...    0.    0.    0.],16,8733
47,neuromodulated_hb,Acrobot-v1,725,"[-0.49183754  0.13716244 -4.34776074 ...  5.87297194 -2.21564089
 -3.86491587]",51,[1589.  925.  925. ...    0.    0.    0.],17,8483
48,neuromodulated_hb,Acrobot-v1,748,"[ 4.05507999 -5.99171936  1.72522875 ...  4.514495    0.61568454
  1.7885482 ]",47,[1428. 1328. 1166. ...    0.    0.    0.],18,9445
49,neuromodulated_hb,Acrobot-v1,743,"[-1.82399628 -0.49483798 -3.05820744 ...  1.92458777 -1.08884886
  0.33085155]",33,[1247. 1187. 1187. ...    0.    0.    0.],19,8917
50,neuromodulated_hb,Acrobot-v1,736,"[-1.30277605 -3.94888846 -3.18267917 ...  1.7716169  -3.64666816
  1.08495377]",40,[1661. 1503. 1293. ...    0.    0.    0.],20,9136
51,neuromodulated_hb,Acrobot-v1,737,"[ 0.58015791 -2.4280714  -4.39962354 ...  0.34204348  4.8226543
  0.5681571 ]",34,[1136. 1098. 1098. ...    0.    0.    0.],21,9426
52,neuromodulated_hb,Acrobot-v1,746,"[-2.01410451  2.40619582 -0.31325663 ... -0.85300486  0.36407996
  9.05424894]",35,[1383. 1217.  977. ...    0.    0.    0.],22,9257
53,neuromodulated_hb,Acrobot-v1,736,"[ 2.2857      3.09118196  4.10015778 ...  0.47074785  6.28303553
 -3.03803887]",24,[1200. 1200. 1133. ...    0.    0.    0.],23,9135
54,neuromodulated_hb,Acrobot-v1,735,"[ 5.63300057 -4.92841738  7.38373904 ... -1.72021291  4.35980949
 -4.55085563]",43,[1321. 1164. 1122. ...    0.    0.    0.],24,10386
55,neuromodulated_hb,Acrobot-v1,731,"[ 2.39457432  0.62177349 -1.32461152 ...  0.96686106  1.13401827
  1.24755042]",44,[1161. 1161. 1161. ...    0.    0.    0.],25,8684
56,neuromodulated_hb,Acrobot-v1,742,"[-2.02423724  3.72586195  3.52930922 ...  1.57640307 -2.43282943
 -1.93874873]",59,[1446. 1079. 1079. ...    0.    0.    0.],26,9245
57,neuromodulated_hb,Acrobot-v1,745,"[-2.21921313  3.01866116  3.42240284 ...  0.28935704  7.59872726
  2.87356692]",59,[1377. 1158. 1158. ...    0.    0.    0.],27,9329
58,neuromodulated_hb,Acrobot-v1,748,"[-1.20857552  4.17255679  1.92929402 ... -1.64929798  3.62124371
  2.79650004]",53,[1399. 1110. 1110. ...    0.    0.    0.],28,9230
59,neuromodulated_hb,Acrobot-v1,737,"[ 3.37321537 -2.63170919  4.71170725 ...  2.71357188 -3.79657946
  1.60845913]",13,[1106.  935.  882. ...    0.    0.    0.],29,8672
60,static,Acrobot-v1,725,"[ 0.68279377 -2.54993247 -1.1913843  ...  6.485928    2.29445386
 -1.50923301]",16,[1089. 1082.  911. ...    0.    0.    0.],0,8345
61,static,Acrobot-v1,721,"[-1.18991896 -2.04040524  2.88647008 ... -0.45246791  2.56457809
 -2.69222582]",10,[1300. 1300. 1033. ...    0.    0.    0.],1,8422
62,static,Acrobot-v1,749,"[ 5.82184916  3.06323785 -0.52450475 ... -4.31674838  3.46083512
  6.25920995]",9,[909. 909. 802. ...   0.   0.   0.],2,9071
63,static,Acrobot-v1,750,"[ 0.91476118 -2.91212738  1.12966177 ... -1.87645041  2.21165091
 -2.67169715]",14,[1039. 1039.  883. ...    0.    0.    0.],3,8947
64,static,Acrobot-v1,736,"[ 0.30588786 -0.15410146  5.32328613 ... -2.5941374   2.32877654
 -3.70331343]",12,[1132. 1132.  937. ...    0.    0.    0.],4,8164
65,static,Acrobot-v1,745,"[-3.93020441 -4.60266742 -1.48970293 ... -0.5294778   4.54511793
  7.23471745]",12,[1386. 1167. 1054. ...    0.    0.    0.],5,9241
66,static,Acrobot-v1,723,"[-2.51723375  3.22970825 -0.8837459  ...  0.4546625   4.80374504
  2.58796803]",16,[1111. 1075.  975. ...    0.    0.    0.],6,8690
67,static,Acrobot-v1,725,"[-3.37259891 -3.29731218 -2.63309002 ...  2.25222876 -4.90086838
  0.92238961]",16,[1009. 1009.  939. ...    0.    0.    0.],7,8887
68,static,Acrobot-v1,742,"[ 0.8778756  -2.82402234 -0.71764188 ...  3.22295692 -0.39397247
 -6.37178228]",13,[1145.  971.  971. ...    0.    0.    0.],8,8144
69,static,Acrobot-v1,747,"[ 7.86720036  0.93052871 -0.47519639 ... -3.88096412  2.85580698
  3.17963211]",19,[1148. 1116.  830. ...    0.    0.    0.],9,9271
70,static,Acrobot-v1,717,"[-6.60044784e-01 -1.79263072e+00  1.65538035e-05 ... -1.30400081e+00
  3.00773151e+00  1.26232810e+01]",15,[1072.  999.  940. ...    0.    0.    0.],10,8568
71,static,Acrobot-v1,705,"[-4.52625926  1.02689101  2.43299273 ...  0.59432012 -1.17989407
 -7.05103731]",21,[1189. 1039.  999. ...    0.    0.    0.],11,8794
72,static,Acrobot-v1,743,"[ 3.8409213  -4.44255359 -0.88892367 ...  1.38206578  3.59860235
 -1.89948264]",8,[1259. 1149. 1010. ...    0.    0.    0.],12,8363
73,static,Acrobot-v1,746,"[ 2.89757586 -0.75302869  5.43297252 ... -3.53583583 -1.72141196
  0.25126672]",20,[972. 972. 873. ...   0.   0.   0.],13,9106
74,static,Acrobot-v1,727,"[ 5.50181758 -5.72487557 -2.48890145 ... -1.01920323  2.22194978
  3.63678065]",7,[1278. 1187. 1022. ...    0.    0.    0.],14,8603
75,static,Acrobot-v1,742,"[-1.31230462 -4.28836294  3.00874661 ... -1.28488147  5.6565741
 -3.26013851]",19,[1241. 1224. 1224. ...    0.    0.    0.],15,8239
76,static,Acrobot-v1,735,"[ 2.185091    2.91497373  3.95542971 ...  0.48044523  3.54014471
 -6.68902008]",18,[1030. 1030. 1030. ...    0.    0.    0.],16,9432
77,static,Acrobot-v1,746,"[ 1.65042214  4.13262759 -5.21311725 ... -3.43366026  3.59751598
  1.2558322 ]",12,[1023. 1023. 1023. ...    0.    0.    0.],17,9903
78,static,Acrobot-v1,724,"[ 3.21618023  3.16668494 -3.41140677 ... -1.10848172  7.72890888
 -3.13841993]",18,[1341. 1062. 1055. ...    0.    0.    0.],18,8247
79,static,Acrobot-v1,744,"[-2.57201248  2.51837085 -0.4070014  ... -1.42488687  0.24921947
  4.27653067]",5,[871. 793. 793. ...   0.   0.   0.],19,8012
80,static,Acrobot-v1,732,"[-3.40517586 -6.50474421  5.36502205 ...  1.68657293  2.06042471
  1.25217107]",13,[897. 897. 897. ...   0.   0.   0.],20,9240
81,static,Acrobot-v1,741,"[-3.60354066 -0.77574823 -5.19663577 ... -4.90326267  0.60168685
 -1.78772037]",13,[868. 868. 868. ...   0.   0.   0.],21,8791
82,static,Acrobot-v1,739,"[ 5.07162942  2.08989859  2.15641892 ...  3.3710395  -0.71829268
  6.28412813]",13,[1131.  887.  848. ...    0.    0.    0.],22,8137
83,static,Acrobot-v1,709,"[-2.05058485  0.72529911  1.53023741 ...  1.27857525  1.57315418
  4.09233285]",19,[1190. 1163. 1163. ...    0.    0.    0.],23,8385
84,static,Acrobot-v1,732,"[-3.73877009  3.69386436  3.53225764 ... -3.59584134  5.52161671
  3.53678523]",6,[1017. 1017.  985. ...    0.    0.    0.],24,8608
85,static,Acrobot-v1,737,"[ 3.76548752  2.04598719 -4.1616262  ... -4.80159658  3.35083291
 -1.52480341]",10,[930. 928. 928. ...   0.   0.   0.],25,8657
86,static,Acrobot-v1,744,"[ 0.52259636 -2.99240188 -1.96385822 ...  1.74588253 -1.49385733
  1.63135269]",21,[932. 932. 905. ...   0.   0.   0.],26,8475
87,static,Acrobot-v1,732,"[-2.18985159 -2.87544637 -3.62142815 ... -1.59104403  0.50748521
 -2.95042303]",12,[1067. 1067. 1067. ...    0.    0.    0.],27,8814
88,static,Acrobot-v1,736,"[ 3.88329436  2.95982602 -3.44449591 ... -0.70318784 -2.0219836
  1.80907203]",13,[1021.  929.  889. ...    0.    0.    0.],28,8750
89,static,Acrobot-v1,701,"[-4.451584   -3.87687331 -2.44114638 ... -3.60752045 -2.45281694
 -3.1177792 ]",18,[947. 947. 913. ...   0.   0.   0.],29,8758
90,abcd,CartPole-v1,-5000,"[-1.43393716  1.59890224  0.38424406 ...  2.52828807  2.03151291
  2.22159236]",24,[-1088. -1469. -1609. ...     0.     0.     0.],0,-47948
91,abcd,CartPole-v1,-5000,"[-0.35896024 -4.47367158  2.49174298 ... -1.64057848  2.80789512
 -2.35855365]",35,[-2209. -2575. -2575. ...     0.     0.     0.],1,-32420
92,abcd,CartPole-v1,-5000,"[-6.92120837 -6.1982283   3.86044861 ... -2.11158104 -0.87195639
  3.81330601]",16,[-1112. -1324. -1324. ...     0.     0.     0.],2,-46682
93,abcd,CartPole-v1,-5000,"[-8.35613083  3.09705089 -2.1019251  ... -0.71469375  4.69672612
  0.57614855]",11,[-2986. -2986. -4523. ...     0.     0.     0.],3,-43744
94,abcd,CartPole-v1,-5000,"[ 0.07877988 -1.28038712 -6.30448314 ...  1.21709836  2.48013256
 -1.66765562]",17,[ -905.  -965. -2259. ...     0.     0.     0.],4,-40283
95,abcd,CartPole-v1,-5000,"[ 4.43261844  0.03750201  5.22752799 ...  0.16116675  4.68859311
 -1.4325763 ]",32,[-1183. -1409. -1409. ...     0.     0.     0.],5,-41188
96,abcd,CartPole-v1,-5000,"[ 2.97275105 -6.28584789 -2.91694478 ...  0.75604307 -3.14929538
 -1.543429  ]",24,[-1053. -2161. -2161. ...     0.     0.     0.],6,-39710
97,abcd,CartPole-v1,-5000,"[-2.51742463  1.40908775  0.44415492 ...  2.8652676  -5.32289708
  0.67908416]",14,[-1325. -2054. -2432. ...     0.     0.     0.],7,-36508
98,abcd,CartPole-v1,-5000,"[-3.22754161  2.20325876 -2.39922162 ... -6.63520132  0.34076769
 -3.74363808]",36,[-1101. -1101. -1265. ...     0.     0.     0.],8,-38875
99,abcd,CartPole-v1,-5000,"[ 0.45138213 -3.26875618  1.40263057 ... -2.30919931 -1.3429498
 -1.86075705]",15,[ -938. -1282. -3784. ...     0.     0.     0.],9,-34510
100,abcd,CartPole-v1,-5000,"[ 3.67025929  0.50290419 -3.1210385  ... -5.97676341 -0.05182266
 -0.93588255]",13,[-1430. -2787. -2787. ...     0.     0.     0.],10,-36815
101,abcd,CartPole-v1,-5000,"[ 2.60241832 -1.93697941  1.49734389 ...  5.91685255 -2.30707414
 -5.98445365]",24,[ -976. -1188. -1188. ...     0.     0.     0.],11,-31686
102,abcd,CartPole-v1,-5000,"[ 2.59894556  4.31629192 -4.6004699  ...  0.96006897 -4.09564188
  0.83928898]",43,[-1608. -2631. -2631. ...     0.     0.     0.],12,-43507
103,abcd,CartPole-v1,-5000,"[-5.7794579  -1.17516307  8.85779186 ... -6.26169451 -1.67172983
  3.23189847]",14,[-1754. -1969. -2175. ...     0.     0.     0.],13,-33936
104,abcd,CartPole-v1,-5000,"[-0.54801338 -3.74205867  1.36285605 ...  0.48567117 -2.2608115
 -2.76655789]",18,[-1003. -1197. -1911. ...     0.     0.     0.],14,-41216
105,abcd,CartPole-v1,-5000,"[-2.05078382 -2.34121134  2.79042809 ... -4.10005844  0.652063
 -3.96428973]",93,[-2063. -2063. -3339. ...     0.     0.     0.],15,-32659
106,abcd,CartPole-v1,-5000,"[-5.28169092 -1.46753832  3.19845851 ... -4.66424281  5.42473738
 -0.77003594]",21,[-1213. -1533. -1533. ...     0.     0.     0.],16,-39563
107,abcd,CartPole-v1,-5000,"[ 3.67490779  1.56336127  5.0052311  ... -4.42131955 -1.50168575
  0.46153405]",19,[-1145. -2465. -2465. ...     0.     0.     0.],17,-38521
108,abcd,CartPole-v1,-5000,"[  0.81260606   4.62253238 -13.73690756 ...  -4.35240028   0.69539624
  -2.10696964]",29,[-1994. -3121. -3121. ...     0.     0.     0.],18,-24350
109,abcd,CartPole-v1,-5000,"[ 3.60130254  2.08252468 -0.12119189 ... -4.28953556  2.64621341
  4.75496406]",20,[-1712. -1712. -1712. ...     0.     0.     0.],19,-48026
110,abcd,CartPole-v1,-5000,"[-1.79479159  6.6035586  -7.8878351  ... -5.83905825  3.49994451
 -3.83718684]",33,[-1161. -1436. -1708. ...     0.     0.     0.],20,-36306
111,abcd,CartPole-v1,-5000,"[ 1.53953418  4.72279909  0.36297986 ...  6.34509282 10.08656233
  2.37147465]",21,[-1165. -1707. -2377. ...     0.     0.     0.],21,-37741
112,abcd,CartPole-v1,-5000,"[ 3.43000418  3.22938659 -4.78696786 ...  4.61967227  3.45927935
 -1.54696173]",19,[-1511. -2242. -2591. ...     0.     0.     0.],22,-38852
113,abcd,CartPole-v1,-5000,"[ 2.20137234 -0.81515808  0.78073774 ...  0.12586763  4.48588212
 -4.21576555]",25,[-1223. -1326. -1679. ...     0.     0.     0.],23,-39982
114,abcd,CartPole-v1,-5000,"[ 2.81488868 -4.36795963 -4.00746477 ... -1.1307647   8.89880971
 -5.95366233]",28,[ -833. -1013. -1387. ...     0.     0.     0.],24,-22658
115,abcd,CartPole-v1,-5000,"[ 1.21973526 -5.18218269 -4.63099448 ... -5.34499498 -1.86915289
 -3.25614047]",37,[-1063. -2502. -2502. ...     0.     0.     0.],25,-40297
116,abcd,CartPole-v1,-5000,"[-1.30114413  3.13021356  8.5606981  ... -3.75306665  0.06385479
  1.77009017]",16,[-1299. -1299. -1299. ...     0.     0.     0.],26,-44341
117,abcd,CartPole-v1,-5000,"[-5.09852485  1.69055442  0.39782455 ...  2.53093864 -0.08084486
  3.25234535]",42,[-1044. -1660. -1660. ...     0.     0.     0.],27,-38654
118,abcd,CartPole-v1,-5000,"[-2.67221475 -2.21186723  2.31726055 ...  0.47567897  1.94085965
  3.92697994]",39,[-2198. -2211. -2211. ...     0.     0.     0.],28,-42219
119,abcd,CartPole-v1,-5000,"[-0.27599035 -0.60617853 -0.39765229 ...  2.59365648  2.65167822
  1.48390303]",34,[-1035. -1301. -1592. ...     0.     0.     0.],29,-38903
120,neuromodulated_hb,CartPole-v1,-5000,"[ 2.69592181 -3.35411994 -2.19163411 ... -1.22093791 -2.12542043
 -1.38556213]",10,[-1341. -1341. -1625. ...     0.     0.     0.],0,-40369
121,neuromodulated_hb,CartPole-v1,-5000,"[-0.54196891 -5.00372479  5.56084224 ... -1.90535593  3.22938193
 -3.01881845]",27,[-2078. -2313. -2421. ...     0.     0.     0.],1,-23530
122,neuromodulated_hb,CartPole-v1,-5000,"[-4.30215332 -3.56959906  6.47970055 ... -1.55667945 -2.36830879
  2.4308072 ]",23,[-1308. -1540. -1540. ...     0.     0.     0.],2,-39603
123,neuromodulated_hb,CartPole-v1,-5000,"[-7.91486944  3.04739503 -2.03964437 ... -0.71472328  5.01832582
  0.66190568]",19,[-2980. -2980. -4280. ...     0.     0.     0.],3,-43463
124,neuromodulated_hb,CartPole-v1,-5000,"[-0.59322369 -1.78012177  1.48518504 ... -3.71673989 -7.17371039
  3.2300363 ]",16,[ -812. -1096. -1156. ...     0.     0.     0.],4,-36120
125,neuromodulated_hb,CartPole-v1,-5000,"[-2.75590833  3.60375962  4.65911086 ...  3.18812719 -3.28832722
  3.59560315]",12,[-1144. -1187. -1291. ...     0.     0.     0.],5,-39673
126,neuromodulated_hb,CartPole-v1,-5000,"[ 5.60253332 -1.84845549  1.74199894 ... -2.99805681  2.95835771
 -3.5315149 ]",32,[-1045. -2226. -2226. ...     0.     0.     0.],6,-34705
127,neuromodulated_hb,CartPole-v1,-5000,"[-1.56959716 -1.05762123  0.20009814 ...  4.37516264 -3.25586941
  0.30704141]",12,[-1028. -2133. -2133. ...     0.     0.     0.],7,-41046
128,neuromodulated_hb,CartPole-v1,-5000,"[-2.34124568 -0.50491586 -0.28650499 ... -3.30720681  2.8417106
  1.63654915]",26,[-1273. -1273. -1273. ...     0.     0.     0.],8,-40822
129,neuromodulated_hb,CartPole-v1,-5000,"[ 0.54975216  2.27112001 -0.62678516 ...  3.87214421  2.70220429
 -0.57444086]",13,[-1073. -1583. -1583. ...     0.     0.     0.],9,-46968
130,neuromodulated_hb,CartPole-v1,-5000,"[ 2.89760212 -0.6439192  -3.77292821 ... -5.23542617  0.86202273
 -0.77679843]",11,[-1250. -2361. -2766. ...     0.     0.     0.],10,-39801
131,neuromodulated_hb,CartPole-v1,-5000,"[ 3.40262383 11.12593322 -6.93982477 ... -1.57447154  1.93223028
 -3.20810471]",18,[-1040. -1317. -1790. ...     0.     0.     0.],11,-49894
132,neuromodulated_hb,CartPole-v1,-5000,"[ 4.52542426 -0.86708959  4.5959254  ... -1.79240089 -1.40820621
  3.30283635]",13,[-1515. -2541. -2541. ...     0.     0.     0.],12,-43491
133,neuromodulated_hb,CartPole-v1,-5000,"[-3.5729776  -5.07551814  3.96457272 ... -2.20882617 -0.47221319
  4.17870262]",22,[-1507. -1753. -2139. ...     0.     0.     0.],13,-37325
134,neuromodulated_hb,CartPole-v1,-5000,"[-1.21579747  3.00912803  2.78800763 ... -3.13659583  0.97227309
  9.23697132]",30,[-1005. -1178. -1393. ...     0.     0.     0.],14,-42364
135,neuromodulated_hb,CartPole-v1,-5000,"[ 2.26798069  1.22547212  0.21420684 ... -2.21264279 -1.91037167
  3.97118519]",15,[-1693. -1693. -1693. ...     0.     0.     0.],15,-47051
136,neuromodulated_hb,CartPole-v1,-5000,"[-5.1203287  -0.64051535  4.6876549  ... -2.24948498 13.04359223
  1.22573709]",21,[-1204. -1606. -1606. ...     0.     0.     0.],16,-30118
137,neuromodulated_hb,CartPole-v1,-5000,"[ 3.18227968  2.41393565  6.64959231 ... -3.6825984  -1.6256571
  1.42629964]",15,[-1146. -2370. -2370. ...     0.     0.     0.],17,-40256
138,neuromodulated_hb,CartPole-v1,-5000,"[ 1.42849958  5.28556611 -3.77650777 ... -4.78249704  0.7171829
 -2.43981016]",35,[-1652. -2953. -2953. ...     0.     0.     0.],18,-34644
139,neuromodulated_hb,CartPole-v1,-5000,"[ 2.94128781  2.09397884 -1.1800856  ...  5.09981021  1.39952666
  3.11727797]",14,[-1768. -1768. -1876. ...     0.     0.     0.],19,-38599
140,neuromodulated_hb,CartPole-v1,-5000,"[-0.29071017 -1.48331391 -6.20686079 ... -4.06641158 -6.37135056
  1.51632285]",28,[-1007. -1300. -1300. ...     0.     0.     0.],20,-33494
141,neuromodulated_hb,CartPole-v1,-5000,"[-0.92046417  4.94406679  1.08041934 ... -0.6364483  -3.72489467
  1.46591649]",27,[-1349. -1707. -2209. ...     0.     0.     0.],21,-39369
142,neuromodulated_hb,CartPole-v1,-5000,"[-0.47951526  2.14420883 -3.88963201 ...  4.15488791  3.57026869
  3.8939433 ]",48,[-1848. -2389. -2389. ...     0.     0.     0.],22,-31521
143,neuromodulated_hb,CartPole-v1,-5000,"[-0.5761121   4.90244662  1.54653354 ... -0.67588576 -5.98693592
 -1.3135708 ]",63,[-1296. -1296. -1672. ...     0.     0.     0.],23,-30956
144,neuromodulated_hb,CartPole-v1,-5000,"[-1.98237802 -7.9883063  23.80132029 ...  3.62646384 -6.62081813
 -3.1601798 ]",17,[ -839.  -961. -1325. ...     0.     0.     0.],24,-47771
145,neuromodulated_hb,CartPole-v1,-5000,"[ 1.03804696 -3.49433246 -5.49514038 ... -5.79689605 -4.05498214
 -3.5161712 ]",19,[-1105. -2389. -2716. ...     0.     0.     0.],25,-41836
146,neuromodulated_hb,CartPole-v1,-5000,"[-7.19626521 -4.41022198 -6.73882304 ...  0.92497606 -2.95239695
  0.73537785]",12,[-1430. -1430. -1565. ...     0.     0.     0.],26,-42549
147,neuromodulated_hb,CartPole-v1,-5000,"[ -1.21105572  -2.54103951 -10.44668775 ...   1.02897987   1.00510563
   0.91988663]",33,[-1279. -1978. -1978. ...     0.     0.     0.],27,-45768
148,neuromodulated_hb,CartPole-v1,-5000,"[-3.16396012 -3.27094145  3.45144151 ...  0.7176594   1.12323108
  2.82542238]",28,[-2238. -2238. -2566. ...     0.     0.     0.],28,-46188
149,neuromodulated_hb,CartPole-v1,-5000,"[ 3.13935687 10.17060313 -5.18211369 ... -1.0123579   1.44777284
  2.06159869]",19,[-1109. -1300. -1547. ...     0.     0.     0.],29,-44246
150,static,CartPole-v1,-5000,"[ 2.23451525  3.13090203  2.06938438 ...  1.40298322  2.05012967
 -2.38628845]",5,[-2299. -3106. -3797. ...     0.     0.     0.],0,-21954
151,static,CartPole-v1,-5000,"[-1.84190977 -6.29423439  2.4957059  ... -0.75050258 -0.31850687
 -4.32317116]",17,[-2091. -2091. -3749. ...     0.     0.     0.],1,-46602
152,static,CartPole-v1,-5000,"[ 0.07894509  2.14667691 -4.89452385 ...  2.91384921 -0.56866967
  1.99261128]",3,[-3728. -3728. -4872. ...     0.     0.     0.],2,-17798
153,static,CartPole-v1,-5000,"[ 1.34219218 -3.79283293  5.02872456 ...  2.38545872 -0.93020347
 -2.35453206]",6,[-4794. -4794. -4794. ...     0.     0.     0.],3,-29330
154,static,CartPole-v1,-5000,"[-1.14269484  0.25599372 -3.12686266 ... -3.96978461 -1.08313254
  1.78583857]",3,[-1661. -2992. -3897. ...     0.     0.     0.],4,-48621
155,static,CartPole-v1,-5000,"[-0.96543577 -3.36140239  1.08644069 ...  0.58973562 -2.08801294
  4.70840156]",4,[-1988. -4062. -4062. ...     0.     0.     0.],5,-37151
156,static,CartPole-v1,-5000,"[ 2.04482023 -0.51831673 -0.03921587 ...  1.69948744 -1.33086232
  2.17317417]",3,[-2724. -2724. -2724. ...     0.     0.     0.],6,-6611
157,static,CartPole-v1,-5000,"[ 4.16303925 -5.08446124 -1.23153048 ...  3.00382869 -5.47674385
  1.66567511]",4,[-2495. -2495. -3843. ...     0.     0.     0.],7,-34131
158,static,CartPole-v1,-5000,"[ 3.25341948 -2.19290897 -0.94146968 ... -3.82476634 -2.53608112
 -2.50749981]",2,[-1695. -3024. -3134. ...     0.     0.     0.],8,-27617
159,static,CartPole-v1,-5000,"[ 0.44618034  2.81513158  5.18175156 ...  3.87284587 -3.57050205
 -3.46775602]",4,[-2140. -2558. -4110. ...     0.     0.     0.],9,-11523
160,static,CartPole-v1,-5000,"[-5.1374688   1.53115109  1.49882963 ... -0.60834967  2.81538341
 -2.31070532]",4,[-2720. -3178. -3178. ...     0.     0.     0.],10,-47706
161,static,CartPole-v1,-5000,"[-0.68612407  3.1198547   5.07060294 ... -0.42842951  0.27845727
 -2.70913074]",6,[-3275. -4465. -4465. ...     0.     0.     0.],11,-49954
162,static,CartPole-v1,-5000,"[ 2.71992796  1.00061099 -2.03501644 ... -0.69117833  1.30388787
 -6.1854715 ]",8,[-1611. -3501. -3501. ...     0.     0.     0.],12,-25874
163,static,CartPole-v1,-5000,"[ 2.03727014 -1.18522795  4.57281432 ...  1.40508381 -4.97405761
 -0.6330786 ]",4,[-4217. -4217. -4217. ...     0.     0.     0.],13,-17449
164,static,CartPole-v1,-5000,"[-3.64739799 -1.26936951  0.81803757 ... -0.50159172 -2.75365585
  3.50812368]",0,[-4587.     0.     0. ...     0.     0.     0.],14,-35280
165,static,CartPole-v1,-5000,"[-2.02183767 -3.61198362 -0.4068581  ...  2.144563    3.28915085
 -2.36872893]",0,[-5000.     0.     0. ...     0.     0.     0.],15,-37755
166,static,CartPole-v1,-5000,"[ 3.23726438  2.71685977  0.42474192 ... -7.79378356  0.78100804
 -3.67943186]",10,[-1837. -3850. -3850. ...     0.     0.     0.],16,-10288
167,static,CartPole-v1,-5000,"[-1.14819602  1.8282189   2.2330425  ...  0.90401086  3.80951204
  2.44248528]",1,[-4329. -4329.     0. ...     0.     0.     0.],17,-31118
168,static,CartPole-v1,-5000,"[-4.40223921  4.52975675 -3.44867602 ...  0.21786321  1.16941797
  2.1682871 ]",7,[-3218. -3218. -3218. ...     0.     0.     0.],18,-21267
169,static,CartPole-v1,-5000,"[-0.58645295  0.2532306  -3.23279168 ...  3.08309631 -3.06771193
  2.29182465]",9,[-1799. -2638. -3908. ...     0.     0.     0.],19,-46681
170,static,CartPole-v1,-5000,"[ 2.10431579  3.84412794 -0.03470516 ... -3.00294882  1.51384552
 -5.09559026]",1,[-2226. -4311.     0. ...     0.     0.     0.],20,-50000
171,static,CartPole-v1,-5000,"[-1.47437093  4.35425523  6.10194011 ...  2.88073372 -1.19471177
 -4.29014192]",2,[-3444. -4520. -4520. ...     0.     0.     0.],21,-48969
172,static,CartPole-v1,-5000,"[ 3.72784219  1.4728619   1.76948684 ...  4.1239573  -0.59643948
  6.25945686]",2,[-2197. -3622. -3622. ...     0.     0.     0.],22,-36013
173,static,CartPole-v1,-5000,"[ 4.65076136 -2.66638954 -0.26976389 ...  2.96189807  0.30718768
 -0.54651193]",3,[-2198. -3773. -3773. ...     0.     0.     0.],23,-35874
174,static,CartPole-v1,-5000,"[ 3.58163817 -3.05718668  2.68948372 ... -0.77630803  0.14987766
 -2.66009218]",3,[-2479. -4450. -4547. ...     0.     0.     0.],24,-48058
175,static,CartPole-v1,-5000,"[ 1.29869548  7.42819598 -1.32221075 ... -5.25012134 -1.355625
 -6.09908539]",9,[-3445. -3445. -3983. ...     0.     0.     0.],25,-50000
176,static,CartPole-v1,-5000,"[ 4.36644592 -6.69775655  3.67424661 ... -1.56760152 -1.55274367
 -2.94162418]",3,[-1873. -2993. -2993. ...     0.     0.     0.],26,-48426
177,static,CartPole-v1,-5000,"[-3.42914883 -3.23340958 -4.11711327 ...  2.92894508 -1.45284665
 -1.05371075]",3,[-1948. -3314. -3314. ...     0.     0.     0.],27,-38603
178,static,CartPole-v1,-5000,"[ 5.20659966  1.38886413 -2.23109602 ... -0.36936195  0.51881743
  8.98076415]",5,[-3521. -3521. -3539. ...     0.     0.     0.],28,-49979
179,static,CartPole-v1,-5000,"[ 2.95724026  0.39083604 -4.01726617 ...  2.07595972 -0.69361778
  3.32582764]",3,[-2769. -3865. -3865. ...     0.     0.     0.],29,-13171
180,abcd,MountainCar-v0,1085,"[-2.5312567  -8.16953001  3.34932704 ... -0.66220163 -4.9594721
  3.97459583]",91,[3559. 3559. 3559. ...    0.    0.    0.],0,14079
181,abcd,MountainCar-v0,1100,"[-1.20554881 -0.09978373 -1.14542755 ... -1.11140991 -0.62243013
  2.7949656 ]",244,[3782. 3488. 3488. ...    0.    0.    0.],1,19966
182,abcd,MountainCar-v0,1099,"[-4.36305615  3.61890216 -4.51254214 ...  1.09763229 -1.41340719
  4.17137327]",421,[3337. 3337. 3264. ...    0.    0.    0.],2,13974
183,abcd,MountainCar-v0,1086,[1.57579665 1.72878421 2.25156559 ... 5.60417779 1.93522094 1.83705423],85,[3734. 3566. 3172. ...    0.    0.    0.],3,12380
184,abcd,MountainCar-v0,1019,"[ 2.17553783 -0.19990971 -0.57887669 ...  2.0550337   1.82037507
 -1.8675539 ]",178,[4000. 4000. 3791. ...    0.    0.    0.],4,11974
185,abcd,MountainCar-v0,1084,"[ -4.74636534   4.10362478   3.05572323 ...  -1.4823665    7.07180388
 -81.27101113]",183,[3346. 3346. 3344. ...    0.    0.    0.],5,11801
186,abcd,MountainCar-v0,1097,"[ 0.64135483  2.95653064 -0.97716959 ...  7.42002924 -2.10294549
 -2.42255629]",404,[3792. 3792. 3763. ...    0.    0.    0.],6,13684
187,abcd,MountainCar-v0,1100,"[ 0.29421842 -1.10384906 -5.29103878 ...  1.01953855  1.93916175
 -1.13571948]",113,[3549. 3327. 3327. ...    0.    0.    0.],7,17859
188,abcd,MountainCar-v0,1098,"[-0.48061949 -2.68352845  3.01338087 ... -2.29390761 -1.33706095
  0.91373621]",240,[3359. 3073. 2866. ...    0.    0.    0.],8,13583
189,abcd,MountainCar-v0,1094,"[-2.76513961  4.32938459 -2.43218914 ...  2.15269486 -4.50251583
 -3.17941314]",336,[3763. 3763. 3525. ...    0.    0.    0.],9,14399
190,abcd,MountainCar-v0,1099,"[-0.18445875 -0.23745635 -0.1059093  ... -4.6474945  -4.48396161
 -0.69303351]",181,[2734. 2734. 2734. ...    0.    0.    0.],10,12245
191,abcd,MountainCar-v0,1100,"[-0.48133393 -2.59988624 -1.54414467 ... -0.77861931 15.84739622
  2.73341509]",139,[4000. 3797. 3797. ...    0.    0.    0.],11,12757
192,abcd,MountainCar-v0,1074,"[-0.36239446  2.81291353 -2.14078329 ... -5.0844023   0.53994775
  0.014152  ]",450,[2827. 2827. 2827. ...    0.    0.    0.],12,13104
193,abcd,MountainCar-v0,1096,"[-3.38028388 -1.70378826  2.3143615  ... -0.87786314 -1.46397552
  3.00299886]",81,[3759. 3759. 3584. ...    0.    0.    0.],13,18569
194,abcd,MountainCar-v0,1091,"[-7.62789765  0.75496786 -1.15927046 ... -1.39357476 -0.60335185
 -2.55731579]",378,[3762. 3762. 3762. ...    0.    0.    0.],14,16278
195,abcd,MountainCar-v0,1099,"[ 0.34770075  1.26650732  0.7777748  ...  0.16442418 -0.2290609
  6.31117914]",474,[3760. 3180. 3180. ...    0.    0.    0.],15,12713
196,abcd,MountainCar-v0,1082,"[-0.2537342   8.28240957 -4.49469357 ...  0.10974345 -0.83217725
 -3.62938113]",438,[2280. 2280. 2280. ...    0.    0.    0.],16,13019
197,abcd,MountainCar-v0,1093,"[10.6097374  -0.18449314 -1.84991388 ... -1.76581544 -7.22743615
 -6.49760362]",189,[3789. 3309. 3309. ...    0.    0.    0.],17,12284
198,abcd,MountainCar-v0,1091,"[  2.16177057   1.16480266  -2.46151798 ...  12.41916071 -18.30424643
  -5.40521705]",364,[3796. 3381. 3381. ...    0.    0.    0.],18,15403
199,abcd,MountainCar-v0,1095,"[ 4.38391288  0.62096098  1.09967908 ...  2.47361405 -1.99045543
  4.09313244]",290,[3277. 3277. 3277. ...    0.    0.    0.],19,17194
200,abcd,MountainCar-v0,1095,"[-6.593575   -6.01000987 -0.03066043 ... -1.01885315  0.75593766
 -2.56857949]",90,[3299. 3299. 3299. ...    0.    0.    0.],20,13957
201,abcd,MountainCar-v0,1092,"[-1.40288413  0.99873418  1.39788229 ... -0.62474654  0.74033599
  0.80745773]",213,[2828. 2828. 2828. ...    0.    0.    0.],21,13624
202,abcd,MountainCar-v0,1098,"[ 7.1221089  -7.14770495 -3.05827718 ... -3.98367307  3.30730292
 -1.64445841]",630,[4000. 3797. 3763. ...    0.    0.    0.],22,12081
203,abcd,MountainCar-v0,1091,"[-10.29723795   1.10840341  -0.64636445 ...  -3.51809737  -0.2988262
   3.26852449]",288,[3772. 3169. 3169. ...    0.    0.    0.],23,12520
204,abcd,MountainCar-v0,1100,"[ 1.48544166  1.65111672 -2.92239257 ...  3.45981749  2.75497087
  5.53421596]",223,[3381. 3381. 2708. ...    0.    0.    0.],24,13471
205,abcd,MountainCar-v0,1095,"[ 0.73792331 -2.41523911 -0.48913524 ...  4.02401402 -8.43386571
  1.52095239]",443,[3768. 2703. 2703. ...    0.    0.    0.],25,14695
206,abcd,MountainCar-v0,1100,"[-4.53122627 -2.88544379  3.59246318 ... -3.11270478  2.93207964
 -1.88215216]",626,[3375. 3375. 3375. ...    0.    0.    0.],26,13018
207,abcd,MountainCar-v0,1097,"[ 2.03651745 -2.7962057   2.3499092  ...  5.3307938  -2.9370304
 -3.4885318 ]",262,[3779. 2477. 2477. ...    0.    0.    0.],27,15242
208,abcd,MountainCar-v0,1098,"[-1.91440299 -2.11348958  8.45438852 ... -0.6765544   6.37319236
 -1.96410776]",223,[3799. 3724. 3567. ...    0.    0.    0.],28,11890
209,abcd,MountainCar-v0,1091,"[ 1.84678328 -1.58546888 -1.65741438 ... -0.93630702 -3.94859397
  1.20952188]",254,[3774. 3768. 1874. ...    0.    0.    0.],29,15505
210,neuromodulated_hb,MountainCar-v0,1088,"[ 5.50095911  4.38920034 -2.26782597 ...  0.61065679 -0.34163153
 -0.62206742]",260,[3567. 3567. 3567. ...    0.    0.    0.],0,13524
211,neuromodulated_hb,MountainCar-v0,1044,"[-1.07394789  0.94083584 -2.23083416 ... -0.5012807  -0.4620515
 -1.17758596]",94,[3767. 2868. 2868. ...    0.    0.    0.],1,13778
212,neuromodulated_hb,MountainCar-v0,1077,"[-3.16124793  4.47507233 -4.47993696 ... -0.92891744 -1.91057803
 -2.52870915]",230,[3754. 3754. 3117. ...    0.    0.    0.],2,15324
213,neuromodulated_hb,MountainCar-v0,1092,"[-4.99475295 -2.57732847 -2.24208362 ...  2.33852186  2.60544916
 -4.82141344]",89,[3770. 3753. 3323. ...    0.    0.    0.],3,14035
214,neuromodulated_hb,MountainCar-v0,1082,"[10.18687338 -5.41726432 -3.18969151 ...  0.47958687  0.0757094
 -7.86592028]",77,[3308. 3308. 3308. ...    0.    0.    0.],4,14947
215,neuromodulated_hb,MountainCar-v0,1096,"[ 0.13686176 -1.9781345   1.26279195 ... -0.05992666 -6.33164437
 40.25380764]",445,[3545. 3545. 3373. ...    0.    0.    0.],5,13558
216,neuromodulated_hb,MountainCar-v0,1098,"[-3.51848995 -1.41013324 -0.96004934 ...  1.85152421 -5.18302462
  4.45092636]",769,[4000. 3795. 3772. ...    0.    0.    0.],6,16093
217,neuromodulated_hb,MountainCar-v0,1058,"[ 4.00382359  3.11860275  1.53069251 ... -2.20066459  2.0219407
 -5.10485386]",98,[3308. 3308. 3133. ...    0.    0.    0.],7,14363
218,neuromodulated_hb,MountainCar-v0,1047,"[-0.51441178 -4.32698707  2.66119191 ... -3.53321802 -1.16386746
  1.87035622]",359,[2873. 2873. 2873. ...    0.    0.    0.],8,12272
219,neuromodulated_hb,MountainCar-v0,1076,"[-2.84381686 -4.53288338 -1.27214353 ...  5.14826095 -1.1251712
 17.27745845]",143,[3323. 3323. 3323. ...    0.    0.    0.],9,14937
220,neuromodulated_hb,MountainCar-v0,1073,"[-9.29717469  1.76093944  3.73743138 ...  3.34025398  2.79389753
  2.42109433]",76,[3753. 3753. 3753. ...    0.    0.    0.],10,12813
221,neuromodulated_hb,MountainCar-v0,1063,"[ 1.88910482 -0.82927706  4.03138086 ... 16.72462719 -1.41711479
  4.12523447]",377,[3779. 3771. 3771. ...    0.    0.    0.],11,15033
222,neuromodulated_hb,MountainCar-v0,1091,[2.33539299 0.88825166 5.73763957 ... 4.17525352 1.338217   1.19797184],646,[3781. 3383. 2595. ...    0.    0.    0.],12,13131
223,neuromodulated_hb,MountainCar-v0,1067,"[-1.5456651  -3.09190778 -6.46307543 ... -5.21721805  0.07482105
  2.15905059]",229,[3779. 3779. 3742. ...    0.    0.    0.],13,13819
224,neuromodulated_hb,MountainCar-v0,1097,"[ 0.26523101 -1.6598166  -3.80188528 ... -0.41704626 -0.48241431
  2.33285487]",231,[3793. 3793. 3793. ...    0.    0.    0.],14,12416
225,neuromodulated_hb,MountainCar-v0,1099,"[-0.35321601  1.75029564  4.14930041 ... -0.30928765  0.74408869
 -1.89038789]",129,[3768. 3593. 3593. ...    0.    0.    0.],15,12525
226,neuromodulated_hb,MountainCar-v0,1100,"[-0.73610907  5.00403448 -1.55131129 ...  2.19616904  2.33374199
 -1.69967601]",144,[2253. 2253. 2253. ...    0.    0.    0.],16,11958
227,neuromodulated_hb,MountainCar-v0,1098,"[ 3.016772    1.52992103 -2.80660243 ...  5.70404558 -1.57137089
 -0.85115575]",610,[4000. 3548. 3548. ...    0.    0.    0.],17,13415
228,neuromodulated_hb,MountainCar-v0,1097,"[-4.98136480e+00  6.63865277e+00  8.91494816e-01 ... -7.13038315e-01
 -8.45093861e-04  1.78924458e+00]",906,[3799. 3384. 3384. ...    0.    0.    0.],18,14415
229,neuromodulated_hb,MountainCar-v0,1100,"[-4.46325002 -3.2062544  -7.3741114  ... -6.95708536 -2.05221323
 -2.55301845]",384,[3282. 3282. 2953. ...    0.    0.    0.],19,14127
230,neuromodulated_hb,MountainCar-v0,1095,"[ 2.51220456  3.48134603 -0.06078412 ... -1.87329588 -1.50384374
  0.14796785]",377,[4000. 3751. 3585. ...    0.    0.    0.],20,12218
231,neuromodulated_hb,MountainCar-v0,1117,"[-1.4524542   1.50455729  0.52629807 ...  0.60772202  1.17575546
 -0.47186731]",999,[2598. 2598. 2598. ... 1117. 1117. 1117.],21,15360
232,neuromodulated_hb,MountainCar-v0,1088,"[-0.13532501  4.5310182  -2.58671049 ...  2.06410559 -6.22171922
 -2.35857266]",206,[3799. 3587. 3587. ...    0.    0.    0.],22,11775
233,neuromodulated_hb,MountainCar-v0,1093,"[-3.37606316e+00  1.74617170e+00 -3.18181274e+00 ...  3.99336592e-03
  4.95945988e-01  5.07390544e+00]",199,[3770. 3176. 3176. ...    0.    0.    0.],23,12777
234,neuromodulated_hb,MountainCar-v0,1091,"[ 1.89986798 -1.44451911 -2.12568001 ...  4.81617309  1.60376199
 -5.58567805]",64,[3182. 3182. 2644. ...    0.    0.    0.],24,12519
235,neuromodulated_hb,MountainCar-v0,1100,"[ 1.04812315 -2.66034064  0.34114756 ...  2.49293865 -9.30451836
 -0.29405841]",206,[3776. 3573. 3573. ...    0.    0.    0.],25,12171
236,neuromodulated_hb,MountainCar-v0,1100,"[-4.85029062  4.93692987  2.91911535 ...  4.30162564 -1.15774697
  6.68116181]",454,[3170. 3170. 3170. ...    0.    0.    0.],26,11441
237,neuromodulated_hb,MountainCar-v0,1094,"[-2.31383079 -3.82717118  0.02453166 ... -2.12399363 -0.82940824
  0.57707855]",726,[3382. 2697. 2697. ...    0.    0.    0.],27,11800
238,neuromodulated_hb,MountainCar-v0,1092,"[-5.89758567 -1.17884675  2.18643519 ...  3.80933561  3.80152112
 -0.57060459]",188,[3598. 3598. 3598. ...    0.    0.    0.],28,12501
239,neuromodulated_hb,MountainCar-v0,1092,"[ 2.83376185 -2.16994054 -1.75068517 ... -0.5177785  -3.14369388
  0.92754136]",107,[3765. 3765. 2899. ...    0.    0.    0.],29,16141
240,static,MountainCar-v0,1032,"[ 0.8788807   3.48233175 13.4276132  ... -0.14172581 -9.81836661
 -1.58772885]",57,[4000. 4000. 4000. ...    0.    0.    0.],0,24626
241,static,MountainCar-v0,1067,"[-1.37176329 -1.77891816 -2.8689751  ... -3.32726288 -3.64431411
 -4.44513208]",178,[4000. 4000. 4000. ...    0.    0.    0.],1,37602
242,static,MountainCar-v0,1038,"[-7.6546937  -3.28664604  1.83293611 ...  1.78453375  2.79487251
  0.54816798]",177,[4000. 2185. 2185. ...    0.    0.    0.],2,29666
243,static,MountainCar-v0,1003,"[ 0.40094688  3.75269491 -5.39408643 ...  0.06356161  3.30781026
  1.73655185]",86,[3006. 3006. 1784. ...    0.    0.    0.],3,33297
244,static,MountainCar-v0,1075,"[ 2.12720232  2.62461344  2.00567388 ... -3.40596104  8.28434295
  3.84651901]",33,[4000. 3294. 3294. ...    0.    0.    0.],4,40000
245,static,MountainCar-v0,993,"[ 3.33249054 -1.04636576 -5.52207278 ... -3.99096726 -1.80709055
  6.27223735]",329,[2534. 2534. 2534. ...    0.    0.    0.],5,34056
246,static,MountainCar-v0,1066,"[ 2.2952432   2.20234908  5.83994377 ... -2.07627225  3.28953571
  2.38319015]",45,[4000. 4000. 4000. ...    0.    0.    0.],6,23556
247,static,MountainCar-v0,1076,"[  2.44168091   1.38923282  11.32859812 ... -11.1613266   -0.7737127
  16.63318885]",52,[4000. 4000. 4000. ...    0.    0.    0.],7,29251
248,static,MountainCar-v0,1099,"[ 2.43630279 -2.1749148  -9.01601567 ...  4.32303087  6.26858065
  6.96096948]",65,[3373. 3373. 2310. ...    0.    0.    0.],8,16733
249,static,MountainCar-v0,1007,"[ 1.76953131e+00 -4.58217675e+01  1.67186936e+00 ...  4.03814943e-02
  1.67191487e+00 -2.54258140e+00]",85,[4000. 4000. 4000. ...    0.    0.    0.],9,14599
250,static,MountainCar-v0,1031,"[ 0.41196481  5.35769774 -0.52895564 ... -5.75145573  0.17648783
 -1.67036404]",250,[4000. 4000. 4000. ...    0.    0.    0.],10,14359
251,static,MountainCar-v0,1040,"[-5.08545358  2.4316812  -0.48759091 ...  3.20633033 -1.72856879
  3.19272517]",29,[4000. 4000. 4000. ...    0.    0.    0.],11,14833
252,static,MountainCar-v0,1050,"[  7.89965006 -10.6728547   -2.2127247  ...  -7.69955016   2.25769325
  -0.85349535]",65,[4000. 2650. 2650. ...    0.    0.    0.],12,40000
253,static,MountainCar-v0,1018,"[ -2.56350274  -0.72465519  -0.27317832 ... -11.58006057  -5.22551667
   2.61698283]",33,[3597. 3597. 3597. ...    0.    0.    0.],13,17741
254,static,MountainCar-v0,1070,"[ 1.06523187 -6.25685013 -6.12548683 ...  6.41007117  4.58637281
 -0.3764405 ]",44,[4000. 4000. 4000. ...    0.    0.    0.],14,31712
255,static,MountainCar-v0,1054,"[10.85189497 -1.60283828 -1.37717882 ...  4.00971033 -2.76362199
  1.23799734]",34,[2566. 2566. 2426. ...    0.    0.    0.],15,26905
256,static,MountainCar-v0,1082,"[ 2.38220374 -2.16790787 -3.10923049 ...  0.60496727 -8.52363966
  1.41035186]",283,[2252. 2252. 2252. ...    0.    0.    0.],16,40000
257,static,MountainCar-v0,1097,"[ 0.30955701  2.1005699   2.34605002 ...  7.15009576 -1.80355755
 -5.59712762]",47,[4000. 4000. 4000. ...    0.    0.    0.],17,40000
258,static,MountainCar-v0,1063,"[ -3.13385668   6.50017958   0.36946999 ...   2.18688493 -13.2190245
  -0.71089775]",50,[4000. 2835. 2835. ...    0.    0.    0.],18,40000
259,static,MountainCar-v0,1077,"[-2.66372675 -0.53383425 -0.0924119  ...  0.23697152  4.77311272
  1.46139477]",109,[1823. 1823. 1823. ...    0.    0.    0.],19,40000
260,static,MountainCar-v0,1091,"[ 1.73434967  5.78669099 -4.31106203 ... -6.98420283 -0.49455249
 -7.20335884]",28,[4000. 4000. 4000. ...    0.    0.    0.],20,26696
261,static,MountainCar-v0,1034,"[-2.80299607 -5.90577816  6.44635447 ...  1.78099825 -1.5881939
 -1.77822353]",201,[4000. 4000. 4000. ...    0.    0.    0.],21,40000
262,static,MountainCar-v0,1043,"[-1.3163262   1.34631972  9.11025874 ...  2.22098559  0.29603815
 -2.55588277]",74,[4000. 4000. 3798. ...    0.    0.    0.],22,19559
263,static,MountainCar-v0,1072,"[-3.748929   -3.51906098  1.67794787 ...  2.3003094   2.88338445
  1.51549087]",132,[1721. 1721. 1721. ...    0.    0.    0.],23,15198
264,static,MountainCar-v0,1062,"[ 0.46181494 -5.01976308  9.28765772 ... -6.1302328  -1.65858305
 -1.69535432]",51,[4000. 1728. 1728. ...    0.    0.    0.],24,29151
265,static,MountainCar-v0,1078,"[-0.52216211 11.30336528 -5.50554827 ... -1.6430797   2.10605185
 -0.37007637]",149,[2453. 2453. 1893. ...    0.    0.    0.],25,15800
266,static,MountainCar-v0,1096,"[  1.65478738   1.48656414  -0.2112923  ...   2.81197303   9.59938309
 -10.73528213]",67,[3537. 3537. 3537. ...    0.    0.    0.],26,26297
267,static,MountainCar-v0,1067,"[ 6.13988081  4.26125231 -4.25684261 ...  0.01555618  1.0211154
  0.33298602]",284,[2144. 2144. 2144. ...    0.    0.    0.],27,17504
268,static,MountainCar-v0,1041,"[ 1.44869129  0.53400005 -1.64157329 ...  3.88270788  1.59305246
  3.48823299]",42,[4000. 4000. 4000. ...    0.    0.    0.],28,40000
269,static,MountainCar-v0,1092,"[ 3.08585024 -1.7934556   2.6048447  ... -5.76993029  5.09686143
  3.28619502]",39,[3119. 2325. 2325. ...    0.    0.    0.],29,40000
